<?xml version='1.0' encoding='utf-8' ?>
<!DOCTYPE document SYSTEM "file:///C:/Xilinx/13.2/ISE_DS/ISE/xbr/data/xmlReportxbr.dtd">
<document><ascFile>top.rpt</ascFile><devFile>C:/Xilinx/13.2/ISE_DS/ISE/xbr/data/xc2c64a.chp</devFile><mfdFile>top.mfd</mfdFile><htmlFile logic_legend="logiclegend.htm" logo="coolrunnerII_logo.jpg" pin_legend="pinlegend.htm"/><header date=" 9-24-2011" design="top" device="XC2C64A" eqnType="1" pkg="VQ44" speed="-5" status="1" statusStr="Successful" swVersion="O.61xd" time=" 12:25PM" version="1.0"/><inputs id="ibin0_SPECSIG"/><inputs id="en" userloc="P18"/><inputs id="nen" userloc="P19"/><inputs id="ibin1_SPECSIG"/><inputs id="ibin2_SPECSIG"/><inputs id="ibin3_SPECSIG"/><inputs id="ibin4_SPECSIG"/><inputs id="ibin5_SPECSIG"/><inputs id="ibin6_SPECSIG"/><inputs id="ibin7_SPECSIG"/><pin id="FB1_MC1_PIN38" pinnum="38"/><pin id="FB1_MC2_PIN37" iostd="LVCMOS18" pinnum="37" signal="bcd00_SPECSIG" use="O"/><pin id="FB1_MC3_PIN36" iostd="LVCMOS18" pinnum="36" signal="bcd01_SPECSIG" use="O"/><pin id="FB1_MC9_PIN34" iostd="LVCMOS18" pinnum="34" signal="bcd02_SPECSIG" use="O"/><pin id="FB1_MC10_PIN33" iostd="LVCMOS18" pinnum="33" signal="bcd03_SPECSIG" use="O"/><pin id="FB1_MC11_PIN32" pinnum="32"/><pin id="FB1_MC12_PIN31" pinnum="31"/><pin id="FB1_MC13_PIN30" pinnum="30"/><pin id="FB2_MC1_PIN39" pinnum="39"/><pin id="FB2_MC2_PIN40" iostd="LVCMOS18" pinnum="40" signal="bcd10_SPECSIG" use="O"/><pin id="FB2_MC5_PIN41" iostd="LVCMOS18" pinnum="41" signal="bcd11_SPECSIG" use="O"/><pin id="FB2_MC6_PIN42" iostd="LVCMOS18" pinnum="42" signal="bcd12_SPECSIG" use="O"/><pin id="FB2_MC7_PIN43" iostd="LVCMOS18" pinnum="43" signal="bcd13_SPECSIG" use="O"/><pin id="FB2_MC8_PIN44" iostd="LVCMOS18" pinnum="44" signal="bcd21_SPECSIG" use="O"/><pin id="FB2_MC10_PIN1" iostd="LVCMOS18" pinnum="1" signal="bcd20_SPECSIG" use="O"/><pin id="FB2_MC12_PIN2" iostd="LVCMOS18" iostyle="KPR" pinnum="2" signal="gnd" use="O"/><pin id="FB2_MC13_PIN3" iostd="LVCMOS18" iostyle="KPR" pinnum="3" signal="ibin7_SPECSIG" use="I"/><pin id="FB3_MC1_PIN29" pinnum="29"/><pin id="FB3_MC2_PIN28" pinnum="28"/><pin id="FB3_MC3_PIN27" pinnum="27"/><pin id="FB3_MC6_PIN23" pinnum="23"/><pin id="FB3_MC10_PIN22" pinnum="22"/><pin id="FB3_MC11_PIN21" pinnum="21"/><pin id="FB3_MC12_PIN20" pinnum="20"/><pin id="FB3_MC14_PIN19" iostd="LVCMOS18" iostyle="KPR" pinnum="19" signal="nen" use="I"/><pin id="FB3_MC15_PIN18" iostd="LVCMOS18" iostyle="KPR" pinnum="18" signal="en" use="I"/><pin id="FB4_MC1_PIN5" iostd="LVCMOS18" iostyle="KPR" pinnum="5" signal="ibin6_SPECSIG" use="I"/><pin id="FB4_MC2_PIN6" iostd="LVCMOS18" iostyle="KPR" pinnum="6" signal="ibin5_SPECSIG" use="I"/><pin id="FB4_MC7_PIN8" iostd="LVCMOS18" iostyle="KPR" pinnum="8" signal="ibin4_SPECSIG" use="I"/><pin id="FB4_MC11_PIN12" iostd="LVCMOS18" iostyle="KPR" pinnum="12" signal="ibin3_SPECSIG" use="I"/><pin id="FB4_MC13_PIN13" iostd="LVCMOS18" iostyle="KPR" pinnum="13" signal="ibin2_SPECSIG" use="I"/><pin id="FB4_MC14_PIN14" iostd="LVCMOS18" iostyle="KPR" pinnum="14" signal="ibin1_SPECSIG" use="I"/><pin id="FB4_MC15_PIN16" iostd="LVCMOS18" iostyle="KPR" pinnum="16" signal="ibin0_SPECSIG" use="I"/><pin id="FB_PIN35" pinnum="35" use="VCCAUX"/><pin id="FB_PIN7" pinnum="7" use="VCCIO-1.8"/><pin id="FB_PIN15" pinnum="15" use="VCC"/><pin id="FB_PIN26" pinnum="26" use="VCCIO-1.8"/><fblock id="FB1" pinUse="4"><macrocell id="FB1_MC1" pin="FB1_MC1_PIN38"/><macrocell id="FB1_MC2" pin="FB1_MC2_PIN37" sigUse="3" signal="bcd00_SPECSIG"><eq_pterm ptindx="FB1_13"/></macrocell><macrocell id="FB1_MC3" pin="FB1_MC3_PIN36" sigUse="5" signal="bcd01_SPECSIG"><eq_pterm ptindx="FB1_30"/><eq_pterm ptindx="FB1_32"/><eq_pterm ptindx="FB1_31"/></macrocell><macrocell id="FB1_MC4"/><macrocell id="FB1_MC5"/><macrocell id="FB1_MC6"/><macrocell id="FB1_MC7" sigUse="2" signal="N_PZ_29"><eq_pterm ptindx="FB1_53"/><eq_pterm ptindx="FB1_54"/></macrocell><macrocell id="FB1_MC8" sigUse="2" signal="N_PZ_27"><eq_pterm ptindx="FB1_51"/><eq_pterm ptindx="FB1_52"/></macrocell><macrocell id="FB1_MC9" pin="FB1_MC9_PIN34" sigUse="11" signal="bcd02_SPECSIG"><eq_pterm ptindx="FB1_0"/><eq_pterm ptindx="FB1_17"/><eq_pterm ptindx="FB1_15"/><eq_pterm ptindx="FB1_9"/><eq_pterm ptindx="FB1_1"/><eq_pterm ptindx="FB1_14"/><eq_pterm ptindx="FB1_16"/><eq_pterm ptindx="FB1_19"/><eq_pterm ptindx="FB1_11"/><eq_pterm ptindx="FB1_5"/><eq_pterm ptindx="FB1_2"/><eq_pterm ptindx="FB1_18"/><eq_pterm ptindx="FB1_3"/><eq_pterm ptindx="FB1_10"/><eq_pterm ptindx="FB1_8"/><eq_pterm ptindx="FB1_12"/><eq_pterm ptindx="FB1_6"/><eq_pterm ptindx="FB1_7"/></macrocell><macrocell id="FB1_MC10" pin="FB1_MC10_PIN33" sigUse="11" signal="bcd03_SPECSIG"><eq_pterm ptindx="FB1_27"/><eq_pterm ptindx="FB1_21"/><eq_pterm ptindx="FB1_20"/><eq_pterm ptindx="FB1_29"/><eq_pterm ptindx="FB1_23"/><eq_pterm ptindx="FB1_22"/><eq_pterm ptindx="FB1_25"/><eq_pterm ptindx="FB1_24"/><eq_pterm ptindx="FB1_26"/><eq_pterm ptindx="FB1_28"/></macrocell><macrocell id="FB1_MC11" pin="FB1_MC11_PIN32"/><macrocell id="FB1_MC12" pin="FB1_MC12_PIN31"/><macrocell id="FB1_MC13" pin="FB1_MC13_PIN30"/><macrocell id="FB1_MC14" sigUse="7" signal="N_PZ_57"><eq_pterm ptindx="FB1_49"/><eq_pterm ptindx="FB1_50"/><eq_pterm ptindx="FB1_46"/><eq_pterm ptindx="FB1_48"/><eq_pterm ptindx="FB1_47"/></macrocell><macrocell id="FB1_MC15" sigUse="7" signal="N_PZ_67"><eq_pterm ptindx="FB1_45"/><eq_pterm ptindx="FB1_42"/><eq_pterm ptindx="FB1_43"/><eq_pterm ptindx="FB1_44"/></macrocell><macrocell id="FB1_MC16" sigUse="10" signal="b0bcd101_SPECSIG"><eq_pterm ptindx="FB1_36"/><eq_pterm ptindx="FB1_34"/><eq_pterm ptindx="FB1_37"/><eq_pterm ptindx="FB1_35"/><eq_pterm ptindx="FB1_40"/><eq_pterm ptindx="FB1_38"/><eq_pterm ptindx="FB1_41"/><eq_pterm ptindx="FB1_39"/><eq_pterm ptindx="FB1_33"/></macrocell><fbinput id="FB1_I1" signal="N_PZ_27"/><fbinput id="FB1_I2" signal="N_PZ_29"/><fbinput id="FB1_I3" signal="N_PZ_57"/><fbinput id="FB1_I4" signal="N_PZ_67"/><fbinput id="FB1_I5" signal="b0bcd101_SPECSIG"/><fbinput id="FB1_I6" signal="en"/><fbinput id="FB1_I7" signal="ibin0_SPECSIG"/><fbinput id="FB1_I8" signal="ibinh1_SPECSIG"/><fbinput id="FB1_I9" signal="ibinh2_SPECSIG"/><fbinput id="FB1_I10" signal="ibinh3_SPECSIG"/><fbinput id="FB1_I11" signal="ibinh4_SPECSIG"/><fbinput id="FB1_I12" signal="ibinh5_SPECSIG"/><fbinput id="FB1_I13" signal="ibinh6_SPECSIG"/><fbinput id="FB1_I14" signal="ibinh7_SPECSIG"/><fbinput id="FB1_I15" signal="ibinh7COMB_SPECSIG"/><fbinput id="FB1_I16" signal="nen"/><PAL><pterm id="FB1_0"><signal id="ibinh6_SPECSIG"/><signal id="N_PZ_27"/><signal id="N_PZ_29"/><signal id="ibinh7_SPECSIG" negated="ON"/></pterm><pterm id="FB1_1"><signal id="ibinh1_SPECSIG"/><signal id="ibinh6_SPECSIG"/><signal id="ibinh5_SPECSIG" negated="ON"/><signal id="N_PZ_27" negated="ON"/><signal id="N_PZ_29"/></pterm><pterm id="FB1_2"><signal id="ibinh6_SPECSIG" negated="ON"/><signal id="ibinh5_SPECSIG" negated="ON"/><signal id="N_PZ_27"/><signal id="N_PZ_29" negated="ON"/><signal id="ibinh7_SPECSIG" negated="ON"/></pterm><pterm id="FB1_3"><signal id="ibinh6_SPECSIG" negated="ON"/><signal id="N_PZ_27"/><signal id="N_PZ_29" negated="ON"/><signal id="ibinh4_SPECSIG"/><signal id="ibinh7_SPECSIG"/></pterm><pterm id="FB1_4"><signal id="en"/><signal id="nen" negated="ON"/></pterm><pterm id="FB1_5"><signal id="ibinh6_SPECSIG" negated="ON"/><signal id="ibinh5_SPECSIG"/><signal id="ibinh2_SPECSIG"/><signal id="N_PZ_27"/><signal id="N_PZ_29" negated="ON"/></pterm><pterm id="FB1_6"><signal id="ibinh6_SPECSIG"/><signal id="ibinh2_SPECSIG"/><signal id="N_PZ_27" negated="ON"/><signal id="ibinh3_SPECSIG"/><signal id="N_PZ_29" negated="ON"/><signal id="ibinh7_SPECSIG"/></pterm><pterm id="FB1_7"><signal id="ibinh6_SPECSIG" negated="ON"/><signal id="ibinh2_SPECSIG" negated="ON"/><signal id="N_PZ_27" negated="ON"/><signal id="ibinh3_SPECSIG"/><signal id="N_PZ_29" negated="ON"/><signal id="ibinh7_SPECSIG" negated="ON"/></pterm><pterm id="FB1_8"><signal id="ibinh1_SPECSIG"/><signal id="ibinh6_SPECSIG" negated="ON"/><signal id="ibinh2_SPECSIG"/><signal id="N_PZ_27" negated="ON"/><signal id="N_PZ_29" negated="ON"/><signal id="ibinh7_SPECSIG"/></pterm><pterm id="FB1_9"><signal id="ibinh5_SPECSIG"/><signal id="N_PZ_27"/><signal id="N_PZ_29"/><signal id="N_PZ_57"/></pterm><pterm id="FB1_10"><signal id="ibinh6_SPECSIG" negated="ON"/><signal id="N_PZ_27" negated="ON"/><signal id="ibinh3_SPECSIG"/><signal id="N_PZ_29"/><signal id="N_PZ_57"/></pterm><pterm id="FB1_11"><signal id="ibinh6_SPECSIG"/><signal id="N_PZ_27" negated="ON"/><signal id="ibinh3_SPECSIG"/><signal id="N_PZ_29" negated="ON"/><signal id="N_PZ_57"/></pterm><pterm id="FB1_12"><signal id="ibinh6_SPECSIG"/><signal id="ibinh2_SPECSIG"/><signal id="N_PZ_27"/><signal id="ibinh4_SPECSIG" negated="ON"/><signal id="N_PZ_57" negated="ON"/><signal id="ibinh7_SPECSIG"/></pterm><pterm id="FB1_13"><signal id="ibin0_SPECSIG"/></pterm><pterm id="FB1_14"><signal id="ibinh1_SPECSIG" negated="ON"/><signal id="ibinh6_SPECSIG" negated="ON"/><signal id="ibinh5_SPECSIG"/><signal id="N_PZ_29" negated="ON"/><signal id="N_PZ_57" negated="ON"/></pterm><pterm id="FB1_15"><signal id="ibinh6_SPECSIG" negated="ON"/><signal id="N_PZ_27" negated="ON"/><signal id="N_PZ_29"/><signal id="N_PZ_67"/></pterm><pterm id="FB1_16"><signal id="ibinh6_SPECSIG"/><signal id="ibinh5_SPECSIG"/><signal id="N_PZ_27" negated="ON"/><signal id="N_PZ_29" negated="ON"/><signal id="N_PZ_67"/></pterm><pterm id="FB1_17"><signal id="ibinh6_SPECSIG"/><signal id="ibinh3_SPECSIG" negated="ON"/><signal id="N_PZ_29"/><signal id="N_PZ_67" negated="ON"/></pterm><pterm id="FB1_18"><signal id="ibinh6_SPECSIG" negated="ON"/><signal id="ibinh5_SPECSIG" negated="ON"/><signal id="ibinh3_SPECSIG" negated="ON"/><signal id="N_PZ_29" negated="ON"/><signal id="N_PZ_67" negated="ON"/></pterm><pterm id="FB1_19"><signal id="ibinh6_SPECSIG"/><signal id="ibinh5_SPECSIG"/><signal id="N_PZ_29"/><signal id="N_PZ_57" negated="ON"/><signal id="N_PZ_67" negated="ON"/></pterm><pterm id="FB1_20"><signal id="ibinh6_SPECSIG" negated="ON"/><signal id="N_PZ_27"/><signal id="N_PZ_29"/><signal id="N_PZ_57"/></pterm><pterm id="FB1_21"><signal id="ibinh6_SPECSIG"/><signal id="N_PZ_27"/><signal id="N_PZ_29" negated="ON"/><signal id="N_PZ_57"/></pterm><pterm id="FB1_22"><signal id="ibinh6_SPECSIG"/><signal id="ibinh5_SPECSIG"/><signal id="N_PZ_27" negated="ON"/><signal id="N_PZ_29"/><signal id="N_PZ_67"/></pterm><pterm id="FB1_23"><signal id="ibinh1_SPECSIG"/><signal id="ibinh6_SPECSIG"/><signal id="ibinh2_SPECSIG"/><signal id="N_PZ_29" negated="ON"/><signal id="N_PZ_67"/></pterm><pterm id="FB1_24"><signal id="ibinh6_SPECSIG" negated="ON"/><signal id="N_PZ_27" negated="ON"/><signal id="N_PZ_29" negated="ON"/><signal id="ibinh7_SPECSIG" negated="ON"/><signal id="N_PZ_67"/></pterm><pterm id="FB1_25"><signal id="ibinh6_SPECSIG"/><signal id="N_PZ_27" negated="ON"/><signal id="ibinh3_SPECSIG"/><signal id="N_PZ_57" negated="ON"/><signal id="ibinh7COMB_SPECSIG"/></pterm><pterm id="FB1_26"><signal id="N_PZ_27" negated="ON"/><signal id="ibinh3_SPECSIG"/><signal id="N_PZ_29"/><signal id="N_PZ_57" negated="ON"/><signal id="ibinh7COMB_SPECSIG"/></pterm><pterm id="FB1_27"><signal id="ibinh1_SPECSIG"/><signal id="ibinh5_SPECSIG"/><signal id="ibinh7COMB_SPECSIG"/><signal id="N_PZ_67"/></pterm><pterm id="FB1_28"><signal id="ibinh1_SPECSIG" negated="ON"/><signal id="ibinh6_SPECSIG"/><signal id="ibinh5_SPECSIG"/><signal id="ibinh2_SPECSIG"/><signal id="N_PZ_27" negated="ON"/><signal id="N_PZ_29" negated="ON"/><signal id="ibinh7COMB_SPECSIG" negated="ON"/></pterm><pterm id="FB1_29"><signal id="N_PZ_27"/><signal id="N_PZ_57"/><signal id="ibinh7_SPECSIG" negated="ON"/><signal id="ibinh7COMB_SPECSIG" negated="ON"/></pterm><pterm id="FB1_30"><signal id="ibinh1_SPECSIG"/><signal id="b0bcd101_SPECSIG" negated="ON"/></pterm><pterm id="FB1_31"><signal id="b0bcd101_SPECSIG" negated="ON"/><signal id="ibinh3_SPECSIG"/><signal id="N_PZ_57"/></pterm><pterm id="FB1_32"><signal id="b0bcd101_SPECSIG" negated="ON"/><signal id="N_PZ_67"/></pterm><pterm id="FB1_33"><signal id="ibinh1_SPECSIG"/><signal id="ibinh6_SPECSIG"/><signal id="ibinh5_SPECSIG"/><signal id="ibinh2_SPECSIG"/><signal id="N_PZ_27"/><signal id="N_PZ_29" negated="ON"/></pterm><pterm id="FB1_34"><signal id="ibinh1_SPECSIG"/><signal id="N_PZ_27"/><signal id="N_PZ_57"/></pterm><pterm id="FB1_35"><signal id="ibinh1_SPECSIG"/><signal id="ibinh6_SPECSIG"/><signal id="N_PZ_29" negated="ON"/><signal id="N_PZ_57"/></pterm><pterm id="FB1_36"><signal id="N_PZ_27" negated="ON"/><signal id="N_PZ_67"/></pterm><pterm id="FB1_37"><signal id="ibinh1_SPECSIG"/><signal id="ibinh6_SPECSIG"/><signal id="N_PZ_27"/><signal id="ibinh7COMB_SPECSIG"/></pterm><pterm id="FB1_38"><signal id="ibinh1_SPECSIG"/><signal id="N_PZ_27"/><signal id="N_PZ_29"/><signal id="ibinh7COMB_SPECSIG"/></pterm><pterm id="FB1_39"><signal id="ibinh1_SPECSIG"/><signal id="ibinh6_SPECSIG"/><signal id="N_PZ_27" negated="ON"/><signal id="ibinh7_SPECSIG"/><signal id="ibinh7COMB_SPECSIG" negated="ON"/></pterm><pterm id="FB1_40"><signal id="ibinh1_SPECSIG"/><signal id="ibinh5_SPECSIG"/><signal id="N_PZ_57"/><signal id="ibinh7COMB_SPECSIG" negated="ON"/></pterm><pterm id="FB1_41"><signal id="ibinh1_SPECSIG"/><signal id="N_PZ_29"/><signal id="N_PZ_57"/><signal id="ibinh7COMB_SPECSIG" negated="ON"/></pterm><pterm id="FB1_42"><signal id="ibinh5_SPECSIG"/><signal id="ibinh3_SPECSIG" negated="ON"/><signal id="N_PZ_29"/><signal id="ibinh7_SPECSIG" negated="ON"/></pterm><pterm id="FB1_43"><signal id="ibinh5_SPECSIG" negated="ON"/><signal id="ibinh3_SPECSIG" negated="ON"/><signal id="N_PZ_57" negated="ON"/><signal id="ibinh7_SPECSIG"/></pterm><pterm id="FB1_44"><signal id="ibinh5_SPECSIG"/><signal id="ibinh2_SPECSIG" negated="ON"/><signal id="ibinh3_SPECSIG" negated="ON"/><signal id="N_PZ_57" negated="ON"/><signal id="ibinh7_SPECSIG" negated="ON"/></pterm><pterm id="FB1_45"><signal id="ibinh6_SPECSIG" negated="ON"/><signal id="ibinh3_SPECSIG" negated="ON"/><signal id="N_PZ_29" negated="ON"/><signal id="N_PZ_57" negated="ON"/></pterm><pterm id="FB1_46"><signal id="ibinh6_SPECSIG" negated="ON"/><signal id="ibinh5_SPECSIG" negated="ON"/><signal id="N_PZ_29"/><signal id="ibinh7_SPECSIG"/></pterm><pterm id="FB1_47"><signal id="ibinh6_SPECSIG" negated="ON"/><signal id="ibinh5_SPECSIG"/><signal id="N_PZ_29" negated="ON"/><signal id="ibinh4_SPECSIG"/><signal id="ibinh7_SPECSIG" negated="ON"/></pterm><pterm id="FB1_48"><signal id="ibinh5_SPECSIG" negated="ON"/><signal id="ibinh2_SPECSIG" negated="ON"/><signal id="N_PZ_29" negated="ON"/><signal id="ibinh7_SPECSIG"/></pterm><pterm id="FB1_49"><signal id="ibinh6_SPECSIG"/><signal id="N_PZ_29"/><signal id="ibinh7COMB_SPECSIG"/></pterm><pterm id="FB1_50"><signal id="ibinh2_SPECSIG"/><signal id="N_PZ_29" negated="ON"/><signal id="ibinh7COMB_SPECSIG"/></pterm><pterm id="FB1_51"><signal id="ibinh1_SPECSIG"/><signal id="ibinh3_SPECSIG"/></pterm><pterm id="FB1_52"><signal id="ibinh1_SPECSIG" negated="ON"/><signal id="ibinh3_SPECSIG" negated="ON"/></pterm><pterm id="FB1_53"><signal id="ibinh2_SPECSIG"/><signal id="ibinh4_SPECSIG"/></pterm><pterm id="FB1_54"><signal id="ibinh2_SPECSIG" negated="ON"/><signal id="ibinh4_SPECSIG" negated="ON"/></pterm></PAL><bct id="FB1_bct4" use="CTC"><eq_pterm ptindx="FB1_4"/></bct><equation id="bcd00_SPECSIG" regUse="LATCH"><d1><eq_pterm ptindx="FB1_13"/></d1><clk><eq_pterm ptindx="FB1_4"/></clk><prld ptindx="GND"/></equation><equation id="bcd01_SPECSIG"><d2><eq_pterm ptindx="FB1_30"/><eq_pterm ptindx="FB1_32"/><eq_pterm ptindx="FB1_31"/></d2></equation><equation id="N_PZ_29"><d2><eq_pterm ptindx="FB1_53"/><eq_pterm ptindx="FB1_54"/></d2></equation><equation id="N_PZ_27"><d2><eq_pterm ptindx="FB1_51"/><eq_pterm ptindx="FB1_52"/></d2></equation><equation id="bcd02_SPECSIG"><d2><eq_pterm ptindx="FB1_0"/><eq_pterm ptindx="FB1_17"/><eq_pterm ptindx="FB1_15"/><eq_pterm ptindx="FB1_9"/><eq_pterm ptindx="FB1_1"/><eq_pterm ptindx="FB1_14"/><eq_pterm ptindx="FB1_16"/><eq_pterm ptindx="FB1_19"/><eq_pterm ptindx="FB1_11"/><eq_pterm ptindx="FB1_5"/><eq_pterm ptindx="FB1_2"/><eq_pterm ptindx="FB1_18"/><eq_pterm ptindx="FB1_3"/><eq_pterm ptindx="FB1_10"/><eq_pterm ptindx="FB1_8"/><eq_pterm ptindx="FB1_12"/><eq_pterm ptindx="FB1_6"/><eq_pterm ptindx="FB1_7"/></d2></equation><equation id="bcd03_SPECSIG"><d2><eq_pterm ptindx="FB1_27"/><eq_pterm ptindx="FB1_21"/><eq_pterm ptindx="FB1_20"/><eq_pterm ptindx="FB1_29"/><eq_pterm ptindx="FB1_23"/><eq_pterm ptindx="FB1_22"/><eq_pterm ptindx="FB1_25"/><eq_pterm ptindx="FB1_24"/><eq_pterm ptindx="FB1_26"/><eq_pterm ptindx="FB1_28"/></d2></equation><equation id="N_PZ_57"><d2><eq_pterm ptindx="FB1_49"/><eq_pterm ptindx="FB1_50"/><eq_pterm ptindx="FB1_46"/><eq_pterm ptindx="FB1_48"/><eq_pterm ptindx="FB1_47"/></d2></equation><equation id="N_PZ_67"><d2><eq_pterm ptindx="FB1_45"/><eq_pterm ptindx="FB1_42"/><eq_pterm ptindx="FB1_43"/><eq_pterm ptindx="FB1_44"/></d2></equation><equation id="b0bcd101_SPECSIG"><d2><eq_pterm ptindx="FB1_36"/><eq_pterm ptindx="FB1_34"/><eq_pterm ptindx="FB1_37"/><eq_pterm ptindx="FB1_35"/><eq_pterm ptindx="FB1_40"/><eq_pterm ptindx="FB1_38"/><eq_pterm ptindx="FB1_41"/><eq_pterm ptindx="FB1_39"/><eq_pterm ptindx="FB1_33"/></d2></equation></fblock><fblock id="FB2" pinUse="8"><macrocell id="FB2_MC1" pin="FB2_MC1_PIN39"/><macrocell id="FB2_MC2" pin="FB2_MC2_PIN40" sigUse="5" signal="bcd10_SPECSIG"><eq_pterm ptindx="FB2_24"/><eq_pterm ptindx="FB2_23"/><eq_pterm ptindx="FB2_22"/></macrocell><macrocell id="FB2_MC3"/><macrocell id="FB2_MC4"/><macrocell id="FB2_MC5" pin="FB2_MC5_PIN41" sigUse="8" signal="bcd11_SPECSIG"><eq_pterm ptindx="FB2_1"/><eq_pterm ptindx="FB2_5"/><eq_pterm ptindx="FB2_3"/><eq_pterm ptindx="FB2_2"/><eq_pterm ptindx="FB2_0"/><eq_pterm ptindx="FB2_6"/><eq_pterm ptindx="FB2_7"/><eq_pterm ptindx="FB2_8"/></macrocell><macrocell id="FB2_MC6" pin="FB2_MC6_PIN42" sigUse="7" signal="bcd12_SPECSIG"><eq_pterm ptindx="FB2_14"/><eq_pterm ptindx="FB2_9"/><eq_pterm ptindx="FB2_11"/><eq_pterm ptindx="FB2_12"/><eq_pterm ptindx="FB2_10"/><eq_pterm ptindx="FB2_15"/><eq_pterm ptindx="FB2_13"/></macrocell><macrocell id="FB2_MC7" pin="FB2_MC7_PIN43" sigUse="6" signal="bcd13_SPECSIG"><eq_pterm ptindx="FB2_20"/><eq_pterm ptindx="FB2_19"/><eq_pterm ptindx="FB2_21"/></macrocell><macrocell id="FB2_MC8" pin="FB2_MC8_PIN44" sigUse="5" signal="bcd21_SPECSIG"><eq_pterm ptindx="FB2_31"/><eq_pterm ptindx="FB2_25"/></macrocell><macrocell id="FB2_MC9"/><macrocell id="FB2_MC10" pin="FB2_MC10_PIN1" sigUse="6" signal="bcd20_SPECSIG"><eq_pterm ptindx="FB2_37"/><eq_pterm ptindx="FB2_16"/><eq_pterm ptindx="FB2_17"/><eq_pterm ptindx="FB2_18"/></macrocell><macrocell id="FB2_MC11"/><macrocell id="FB2_MC12" pin="FB2_MC12_PIN2" sigUse="0" signal="gnd"/><macrocell id="FB2_MC13" inreg="ibinh7_SPECSIG" pin="FB2_MC13_PIN3" sigUse="4" signal="ibinh7COMB_SPECSIG"><eq_pterm ptindx="FB2_26"/><eq_pterm ptindx="FB2_27"/></macrocell><macrocell id="FB2_MC14"/><macrocell id="FB2_MC15"/><macrocell id="FB2_MC16"/><fbinput id="FB2_I1" signal="N_PZ_29"/><fbinput id="FB2_I2" signal="N_PZ_57"/><fbinput id="FB2_I3" signal="N_PZ_67"/><fbinput id="FB2_I4" signal="b0bcd101_SPECSIG"/><fbinput id="FB2_I5" signal="en"/><fbinput id="FB2_I6" signal="ibinh1_SPECSIG"/><fbinput id="FB2_I7" signal="ibinh2_SPECSIG"/><fbinput id="FB2_I8" signal="ibinh3_SPECSIG"/><fbinput id="FB2_I9" signal="ibinh4_SPECSIG"/><fbinput id="FB2_I10" signal="ibinh5_SPECSIG"/><fbinput id="FB2_I11" signal="ibinh6_SPECSIG"/><fbinput id="FB2_I12" signal="ibinh7_SPECSIG"/><fbinput id="FB2_I13" signal="ibinh7COMB_SPECSIG"/><fbinput id="FB2_I14" signal="nen"/><PAL><pterm id="FB2_0"><signal id="ibinh6_SPECSIG" negated="ON"/><signal id="ibinh2_SPECSIG" negated="ON"/><signal id="N_PZ_29"/><signal id="ibinh7_SPECSIG"/></pterm><pterm id="FB2_1"><signal id="ibinh6_SPECSIG"/><signal id="ibinh4_SPECSIG" negated="ON"/><signal id="N_PZ_57"/></pterm><pterm id="FB2_2"><signal id="ibinh5_SPECSIG"/><signal id="ibinh4_SPECSIG" negated="ON"/><signal id="N_PZ_57"/></pterm><pterm id="FB2_3"><signal id="ibinh6_SPECSIG" negated="ON"/><signal id="ibinh7_SPECSIG"/><signal id="N_PZ_67"/></pterm><pterm id="FB2_4"><signal id="en"/><signal id="nen" negated="ON"/></pterm><pterm id="FB2_5"><signal id="ibinh6_SPECSIG" negated="ON"/><signal id="ibinh4_SPECSIG" negated="ON"/><signal id="N_PZ_67"/></pterm><pterm id="FB2_6"><signal id="ibinh6_SPECSIG" negated="ON"/><signal id="ibinh4_SPECSIG"/><signal id="N_PZ_57" negated="ON"/><signal id="ibinh7_SPECSIG" negated="ON"/><signal id="N_PZ_67" negated="ON"/></pterm><pterm id="FB2_7"><signal id="ibinh5_SPECSIG"/><signal id="ibinh4_SPECSIG"/><signal id="N_PZ_57" negated="ON"/><signal id="ibinh7_SPECSIG" negated="ON"/><signal id="N_PZ_67" negated="ON"/></pterm><pterm id="FB2_8"><signal id="ibinh5_SPECSIG" negated="ON"/><signal id="ibinh2_SPECSIG"/><signal id="N_PZ_29"/><signal id="N_PZ_57" negated="ON"/><signal id="N_PZ_67" negated="ON"/></pterm><pterm id="FB2_9"><signal id="ibinh6_SPECSIG"/><signal id="ibinh5_SPECSIG"/><signal id="ibinh4_SPECSIG"/><signal id="ibinh7_SPECSIG"/></pterm><pterm id="FB2_10"><signal id="ibinh6_SPECSIG" negated="ON"/><signal id="ibinh5_SPECSIG"/><signal id="ibinh4_SPECSIG" negated="ON"/><signal id="ibinh7_SPECSIG"/></pterm><pterm id="FB2_11"><signal id="ibinh6_SPECSIG"/><signal id="ibinh5_SPECSIG" negated="ON"/><signal id="ibinh4_SPECSIG" negated="ON"/><signal id="ibinh7_SPECSIG" negated="ON"/></pterm><pterm id="FB2_12"><signal id="ibinh6_SPECSIG" negated="ON"/><signal id="ibinh5_SPECSIG"/><signal id="ibinh3_SPECSIG"/><signal id="ibinh4_SPECSIG" negated="ON"/></pterm><pterm id="FB2_13"><signal id="ibinh6_SPECSIG" negated="ON"/><signal id="ibinh5_SPECSIG"/><signal id="ibinh3_SPECSIG" negated="ON"/><signal id="N_PZ_29" negated="ON"/><signal id="ibinh7_SPECSIG"/></pterm><pterm id="FB2_14"><signal id="ibinh6_SPECSIG" negated="ON"/><signal id="ibinh4_SPECSIG"/><signal id="ibinh7COMB_SPECSIG" negated="ON"/></pterm><pterm id="FB2_15"><signal id="ibinh6_SPECSIG" negated="ON"/><signal id="ibinh3_SPECSIG"/><signal id="N_PZ_29" negated="ON"/><signal id="ibinh7COMB_SPECSIG" negated="ON"/></pterm><pterm id="FB2_16"><signal id="ibinh6_SPECSIG" negated="ON"/><signal id="ibinh7_SPECSIG"/></pterm><pterm id="FB2_17"><signal id="ibinh5_SPECSIG" negated="ON"/><signal id="ibinh3_SPECSIG" negated="ON"/><signal id="ibinh4_SPECSIG" negated="ON"/><signal id="ibinh7_SPECSIG"/></pterm><pterm id="FB2_18"><signal id="ibinh6_SPECSIG"/><signal id="ibinh5_SPECSIG"/><signal id="ibinh2_SPECSIG" negated="ON"/><signal id="ibinh3_SPECSIG" negated="ON"/><signal id="ibinh4_SPECSIG" negated="ON"/><signal id="ibinh7_SPECSIG" negated="ON"/></pterm><pterm id="FB2_19"><signal id="ibinh6_SPECSIG"/><signal id="ibinh5_SPECSIG" negated="ON"/><signal id="ibinh4_SPECSIG"/><signal id="ibinh7_SPECSIG" negated="ON"/></pterm><pterm id="FB2_20"><signal id="ibinh6_SPECSIG"/><signal id="ibinh4_SPECSIG" negated="ON"/><signal id="N_PZ_67"/></pterm><pterm id="FB2_21"><signal id="ibinh6_SPECSIG" negated="ON"/><signal id="ibinh4_SPECSIG"/><signal id="N_PZ_57" negated="ON"/><signal id="ibinh7_SPECSIG"/><signal id="N_PZ_67" negated="ON"/></pterm><pterm id="FB2_22"><signal id="ibinh1_SPECSIG" negated="ON"/><signal id="ibinh3_SPECSIG"/><signal id="N_PZ_57"/></pterm><pterm id="FB2_23"><signal id="ibinh1_SPECSIG" negated="ON"/><signal id="N_PZ_67"/></pterm><pterm id="FB2_24"><signal id="b0bcd101_SPECSIG"/></pterm><pterm id="FB2_25"><signal id="ibinh6_SPECSIG"/><signal id="ibinh5_SPECSIG" negated="ON"/><signal id="ibinh3_SPECSIG" negated="ON"/><signal id="ibinh4_SPECSIG" negated="ON"/><signal id="ibinh7_SPECSIG"/></pterm><pterm id="FB2_26"><signal id="ibinh5_SPECSIG"/><signal id="ibinh7_SPECSIG"/></pterm><pterm id="FB2_27"><signal id="ibinh5_SPECSIG" negated="ON"/><signal id="ibinh7_SPECSIG" negated="ON"/></pterm><pterm id="FB2_31"><signal id="ibinh6_SPECSIG"/><signal id="ibinh7_SPECSIG"/></pterm><pterm id="FB2_37"><signal id="ibinh6_SPECSIG"/><signal id="ibinh5_SPECSIG"/><signal id="ibinh7_SPECSIG" negated="ON"/></pterm></PAL><bct id="FB2_bct4" use="CTC"><eq_pterm ptindx="FB2_4"/></bct><equation id="bcd10_SPECSIG"><d2><eq_pterm ptindx="FB2_24"/><eq_pterm ptindx="FB2_23"/><eq_pterm ptindx="FB2_22"/></d2></equation><equation id="bcd11_SPECSIG"><d2><eq_pterm ptindx="FB2_1"/><eq_pterm ptindx="FB2_5"/><eq_pterm ptindx="FB2_3"/><eq_pterm ptindx="FB2_2"/><eq_pterm ptindx="FB2_0"/><eq_pterm ptindx="FB2_6"/><eq_pterm ptindx="FB2_7"/><eq_pterm ptindx="FB2_8"/></d2></equation><equation id="bcd12_SPECSIG"><d2><eq_pterm ptindx="FB2_14"/><eq_pterm ptindx="FB2_9"/><eq_pterm ptindx="FB2_11"/><eq_pterm ptindx="FB2_12"/><eq_pterm ptindx="FB2_10"/><eq_pterm ptindx="FB2_15"/><eq_pterm ptindx="FB2_13"/></d2></equation><equation id="bcd13_SPECSIG"><d2><eq_pterm ptindx="FB2_20"/><eq_pterm ptindx="FB2_19"/><eq_pterm ptindx="FB2_21"/></d2></equation><equation id="bcd21_SPECSIG"><d1><eq_pterm ptindx="FB2_31"/></d1><d2><eq_pterm ptindx="FB2_25"/></d2></equation><equation id="bcd20_SPECSIG"><d1><eq_pterm ptindx="FB2_37"/></d1><d2><eq_pterm ptindx="FB2_16"/><eq_pterm ptindx="FB2_17"/><eq_pterm ptindx="FB2_18"/></d2></equation><equation id="gnd"><d2><eq_pterm ptindx="GND"/></d2><oe><eq_pterm ptindx="GND"/></oe></equation><equation id="ibinh7_SPECSIG" regUse="LATCH"><inreg inputs="ibin7_SPECSIG"/><clk><eq_pterm ptindx="FB2_4"/></clk><prld ptindx="GND"/></equation><equation id="ibinh7COMB_SPECSIG"><d2><eq_pterm ptindx="FB2_26"/><eq_pterm ptindx="FB2_27"/></d2></equation></fblock><fblock id="FB3" pinUse="2"><macrocell id="FB3_MC1" pin="FB3_MC1_PIN29"/><macrocell id="FB3_MC2" pin="FB3_MC2_PIN28"/><macrocell id="FB3_MC3" pin="FB3_MC3_PIN27"/><macrocell id="FB3_MC4"/><macrocell id="FB3_MC5"/><macrocell id="FB3_MC6" pin="FB3_MC6_PIN23"/><macrocell id="FB3_MC7"/><macrocell id="FB3_MC8"/><macrocell id="FB3_MC9"/><macrocell id="FB3_MC10" pin="FB3_MC10_PIN22"/><macrocell id="FB3_MC11" pin="FB3_MC11_PIN21"/><macrocell id="FB3_MC12" pin="FB3_MC12_PIN20"/><macrocell id="FB3_MC13"/><macrocell id="FB3_MC14" pin="FB3_MC14_PIN19"/><macrocell id="FB3_MC15" pin="FB3_MC15_PIN18"/><macrocell id="FB3_MC16"/><PAL/></fblock><fblock id="FB4" pinUse="1"><macrocell id="FB4_MC1" inreg="ibinh6_SPECSIG" pin="FB4_MC1_PIN5" sigUse="2"/><macrocell id="FB4_MC2" inreg="ibinh5_SPECSIG" pin="FB4_MC2_PIN6" sigUse="2"/><macrocell id="FB4_MC3"/><macrocell id="FB4_MC4"/><macrocell id="FB4_MC5"/><macrocell id="FB4_MC6"/><macrocell id="FB4_MC7" inreg="ibinh4_SPECSIG" pin="FB4_MC7_PIN8" sigUse="2"/><macrocell id="FB4_MC8"/><macrocell id="FB4_MC9"/><macrocell id="FB4_MC10"/><macrocell id="FB4_MC11" inreg="ibinh3_SPECSIG" pin="FB4_MC11_PIN12" sigUse="2"/><macrocell id="FB4_MC12"/><macrocell id="FB4_MC13" inreg="ibinh2_SPECSIG" pin="FB4_MC13_PIN13" sigUse="2"/><macrocell id="FB4_MC14" inreg="ibinh1_SPECSIG" pin="FB4_MC14_PIN14" sigUse="2"/><macrocell id="FB4_MC15" pin="FB4_MC15_PIN16"/><macrocell id="FB4_MC16"/><fbinput id="FB4_I1" signal="en"/><fbinput id="FB4_I2" signal="nen"/><PAL><pterm id="FB4_4"><signal id="en"/><signal id="nen" negated="ON"/></pterm></PAL><bct id="FB4_bct4" use="CTC"><eq_pterm ptindx="FB4_4"/></bct><equation id="ibinh6_SPECSIG" regUse="LATCH"><inreg inputs="ibin6_SPECSIG"/><clk><eq_pterm ptindx="FB4_4"/></clk><prld ptindx="GND"/></equation><equation id="ibinh5_SPECSIG" regUse="LATCH"><inreg inputs="ibin5_SPECSIG"/><clk><eq_pterm ptindx="FB4_4"/></clk><prld ptindx="GND"/></equation><equation id="ibinh4_SPECSIG" regUse="LATCH"><inreg inputs="ibin4_SPECSIG"/><clk><eq_pterm ptindx="FB4_4"/></clk><prld ptindx="GND"/></equation><equation id="ibinh3_SPECSIG" regUse="LATCH"><inreg inputs="ibin3_SPECSIG"/><clk><eq_pterm ptindx="FB4_4"/></clk><prld ptindx="GND"/></equation><equation id="ibinh2_SPECSIG" regUse="LATCH"><inreg inputs="ibin2_SPECSIG"/><clk><eq_pterm ptindx="FB4_4"/></clk><prld ptindx="GND"/></equation><equation id="ibinh1_SPECSIG" regUse="LATCH"><inreg inputs="ibin1_SPECSIG"/><clk><eq_pterm ptindx="FB4_4"/></clk><prld ptindx="GND"/></equation></fblock><vcc/><gnd/><messages><warning>Cpld - Unable to retrieve the path to the iSE Project Repository. Will   use the default filename of 'top.ise'.</warning><warning>Cpld:829 - Signal 'gnd_MC.TRST' has been minimized to 'GND'.</warning></messages><compOpts blkfanin="38" datagate="ON" exhaust="OFF" gclkopt="ON" gsropt="ON" gtsopt="ON" ignoredg="OFF" ignorets="OFF" inputs="32" inreg="ON" iostd="LVCMOS18" keepio="OFF" loc="ON" mlopt="ON" optimize="DENSITY" part="xc2c64a-5-VQ44" prld="LOW" pterms="28" slew="FAST" terminate="KEEPER" unused="KEEPER" wysiwyg="OFF"/><specSig signal="ibin0_SPECSIG" value="ibin&lt;0&gt;"/><specSig signal="ibin1_SPECSIG" value="ibin&lt;1&gt;"/><specSig signal="ibin2_SPECSIG" value="ibin&lt;2&gt;"/><specSig signal="ibin3_SPECSIG" value="ibin&lt;3&gt;"/><specSig signal="ibin4_SPECSIG" value="ibin&lt;4&gt;"/><specSig signal="ibin5_SPECSIG" value="ibin&lt;5&gt;"/><specSig signal="ibin6_SPECSIG" value="ibin&lt;6&gt;"/><specSig signal="ibin7_SPECSIG" value="ibin&lt;7&gt;"/><specSig signal="bcd00_SPECSIG" value="bcd0&lt;0&gt;"/><specSig signal="bcd01_SPECSIG" value="bcd0&lt;1&gt;"/><specSig signal="bcd02_SPECSIG" value="bcd0&lt;2&gt;"/><specSig signal="bcd03_SPECSIG" value="bcd0&lt;3&gt;"/><specSig signal="bcd10_SPECSIG" value="bcd1&lt;0&gt;"/><specSig signal="bcd11_SPECSIG" value="bcd1&lt;1&gt;"/><specSig signal="bcd12_SPECSIG" value="bcd1&lt;2&gt;"/><specSig signal="bcd13_SPECSIG" value="bcd1&lt;3&gt;"/><specSig signal="bcd21_SPECSIG" value="bcd2&lt;1&gt;"/><specSig signal="bcd20_SPECSIG" value="bcd2&lt;0&gt;"/><specSig signal="b0bcd101_SPECSIG" value="b0/bcd1&lt;0&gt;1"/><specSig signal="ibinh1_SPECSIG" value="ibinh&lt;1&gt;"/><specSig signal="ibinh2_SPECSIG" value="ibinh&lt;2&gt;"/><specSig signal="ibinh3_SPECSIG" value="ibinh&lt;3&gt;"/><specSig signal="ibinh4_SPECSIG" value="ibinh&lt;4&gt;"/><specSig signal="ibinh5_SPECSIG" value="ibinh&lt;5&gt;"/><specSig signal="ibinh6_SPECSIG" value="ibinh&lt;6&gt;"/><specSig signal="ibinh7_SPECSIG" value="ibinh&lt;7&gt;"/><specSig signal="ibinh7COMB_SPECSIG" value="ibinh&lt;7&gt;.COMB"/></document>
